{
    "img_params": {
        "hmin"  : 20,
        "hmax"  : 40,
        "smax"  : 100,
        "vmax"  : 255
    },
    "classes": {
        "1"  : "Fruto Grande",
        "2"  : "Fruto Médio",
        "3"  : "Fruto Pequeno"
    },
    "focus" : 410.9084807515858,
    "zmax"  : 130.44713674653516,
    "mean"  : 6094.515389571924
}